Date,EURO_Rate,Buy,Sell
30/06/2023,152.9815,152.8524,153.1106
29/06/2023,154.0021,153.8694,154.1347
27/06/2023,153.3247,153.1959,153.4535
26/06/2023,153.1559,153.0288,153.2829
23/06/2023,154.1718,154.0359,154.3076
22/06/2023,153.3421,153.2118,153.4724
21/06/2023,153.0609,152.9324,153.1894
20/06/2023,153.0806,152.9535,153.2076
19/06/2023,153.3129,153.1806,153.4453
16/06/2023,151.8932,151.7582,152.0282
15/06/2023,151.21,151.0759,151.3441
14/06/2023,150.7768,150.6471,150.9065
13/06/2023,150.0785,149.9459,150.2112
12/6/2023,150.0509,149.9194,150.1824
9/6/2023,149.6303,149.4994,149.7612
8/6/2023,149.0718,148.9376,149.2059
7/6/2023,148.4432,148.3153,148.5712
6/6/2023,148.5826,148.4541,148.7112
5/6/2023,149.2176,149.09,149.3453
2/6/2023,148.0515,147.9218,148.1812
31/05/2023,148.5426,148.4118,148.6735
30/05/2023,148.3332,148.2035,148.4629
29/05/2023,148.3703,148.2418,148.4988
26/05/2023,148.1297,147.9959,148.2635
25/05/2023,148.9194,148.7865,149.0524
24/05/2023,148.5685,148.4388,148.6982
23/05/2023,149.0062,148.8741,149.1382
22/05/2023,148.6638,148.5324,148.7953
19/05/2023,148.5126,148.3835,148.6418
18/05/2023,148.8106,148.6835,148.9376
17/05/2023,149.3618,149.2265,149.4971
16/05/2023,149.1456,149.0159,149.2753
15/05/2023,149.1862,149.0541,149.3182
12/5/2023,149.3585,149.2247,149.4924
11/5/2023,150.2541,150.1224,150.3859
10/5/2023,149.6965,149.5688,149.8241
9/5/2023,150.7944,150.6724,150.9165
8/5/2023,150.0976,149.9653,150.23
5/5/2023,150.3991,150.2659,150.5324
4/5/2023,150.4556,150.32,150.5912
3/5/2023,149.3424,149.2094,149.4753
2/5/2023,149.6438,149.5112,149.7765
28/04/2023,149.7215,149.5876,149.8553
27/04/2023,150.2941,150.1618,150.4265
26/04/2023,149.1932,149.0624,149.3241
25/04/2023,149.2115,149.0806,149.3424
24/04/2023,148.4768,148.3441,148.6094
20/04/2023,148.1603,148.0265,148.2941
19/04/2023,147.9609,147.8276,148.0941
18/04/2023,147.4159,147.2847,147.5471
17/04/2023,148.4453,148.3165,148.5741
14/04/2023,148.515,148.3829,148.6471
13/04/2023,146.9844,146.8518,147.1171
12/4/2023,145.8944,145.7712,146.0176
11/4/2023,145.6644,145.5306,145.7982
6/4/2023,145.8888,145.7588,146.0188
5/4/2023,145.1991,145.0647,145.3335
4/4/2023,144.3435,144.2171,144.47
3/4/2023,144.2921,144.1665,144.4176
31/03/2023,144.3688,144.2424,144.4953
30/03/2023,143.4218,143.29,143.5535
29/03/2023,142.6806,142.5529,142.8082
28/03/2023,141.7518,141.6229,141.8806
27/03/2023,141.2088,141.0747,141.3429
24/03/2023,142.8894,142.76,143.0188
23/03/2023,141.3288,141.2029,141.4547
22/03/2023,140.7209,140.5876,140.8541
21/03/2023,139.4632,139.3371,139.5894
20/03/2023,138.2485,138.1229,138.3741
17/03/2023,137.7668,137.6429,137.8906
16/03/2023,136.9947,136.8735,137.1159
15/03/2023,138.8626,138.7447,138.9806
14/03/2023,138.5774,138.45,138.7047
13/03/2023,137.1388,137.0135,137.2641
10/3/2023,136.0865,135.95,136.2229
9/3/2023,135.6035,135.4776,135.7294
8/3/2023,136.9376,136.8088,137.0665
7/3/2023,136.4576,136.3329,136.5824
6/3/2023,135.6738,135.5465,135.8012
3/3/2023,135.3856,135.2606,135.5106
2/3/2023,135.8771,135.7518,136.0024
1/3/2023,134.8335,134.7076,134.9594
28/02/2023,133.9324,133.8106,134.0541
27/02/2023,133.89,133.7624,134.0176
24/02/2023,133.9741,133.8476,134.1006
23/02/2023,134.2924,134.1641,134.4206
22/02/2023,134.4568,134.3318,134.5818
21/02/2023,134.5626,134.4388,134.6865
20/02/2023,133.6065,133.4812,133.7318
17/02/2023,134.3482,134.2218,134.4747
16/02/2023,134.4341,134.3076,134.5606
15/02/2023,134.8818,134.7547,135.0088
14/02/2023,133.805,133.6782,133.9318
13/02/2023,133.8853,133.7606,134.01
10/2/2023,134.7318,134.6076,134.8559
9/2/2023,134.1426,134.0176,134.2676
8/2/2023,133.8185,133.6924,133.9447
7/2/2023,134.5638,134.4429,134.6847
6/2/2023,136.2968,136.1665,136.4271
3/2/2023,136.4094,136.28,136.5388
2/2/2023,135.5626,135.4324,135.6929
1/2/2023,134.9229,134.7918,135.0541
31/01/2023,135.3303,135.2018,135.4588
30/01/2023,135.3279,135.1971,135.4588
27/01/2023,135.5991,135.47,135.7282
26/01/2023,135.2191,135.0853,135.3529
25/01/2023,135.1997,135.0659,135.3335
24/01/2023,135.0118,134.8818,135.1418
23/01/2023,134.335,134.2053,134.4647
20/01/2023,134.2068,134.0806,134.3329
19/01/2023,133.8213,133.6912,133.9514
18/01/2023,134.2853,134.1594,134.4112
17/01/2023,134.0512,133.9206,134.1818
16/01/2023,133.9282,133.7959,134.0606
13/01/2023,133.3156,133.1818,133.4494
12/1/2023,132.9318,132.8029,133.0606
11/1/2023,132.7632,132.6347,132.8918
10/1/2023,132.2112,132.08,132.3424
9/1/2023,130.1741,130.0471,130.3012
6/1/2023,131.0882,130.9641,131.2124
5/1/2023,131.0097,130.8853,131.1341
4/1/2023,130.6494,130.5241,130.7747
3/1/2023,131.6574,131.53,131.7847
30/12/2022,131.2653,131.14,131.3906
29/12/2022,131.2706,131.1418,131.3994
28/12/2022,130.7938,130.6671,130.9206
23/12/2022,130.9265,130.7965,131.0565
22/12/2022,130.8697,130.7447,130.9947
21/12/2022,130.5971,130.4647,130.7294
20/12/2022,130.5626,130.4353,130.69
19/12/2022,130.7709,130.6441,130.8976
16/12/2022,130.6297,130.5024,130.7571
15/12/2022,130.8259,130.6982,130.9535
14/12/2022,130.6965,130.5753,130.8176
13/12/2022,129.6341,129.5106,129.7576
9/12/2022,129.1126,128.9929,129.2324
8/12/2022,129.0738,128.9488,129.1988
7/12/2022,128.9059,128.7829,129.0288
6/12/2022,129.6465,129.5176,129.7753
5/12/2022,129.2118,129.0847,129.3388
2/12/2022,128.3256,128.2012,128.45
1/12/2022,126.9685,126.8476,127.0894
30/11/2022,127.125,127.0012,127.2488
29/11/2022,127.9229,127.7953,128.0506
28/11/2022,127.0835,126.9641,127.2029
25/11/2022,127.3288,127.2059,127.4518
24/11/2022,126.2306,126.11,126.3512
23/11/2022,126.0147,125.8882,126.1412
22/11/2022,125.3156,125.1965,125.4347
21/11/2022,126.6691,126.5453,126.7929
18/11/2022,126.3115,126.1859,126.4371
17/11/2022,126.9421,126.8159,127.0682
16/11/2022,126.9665,126.8418,127.0912
15/11/2022,125.6509,125.5276,125.7741
14/11/2022,125.2694,125.1465,125.3924
11/11/2022,122.195,122.0771,122.3129
10/11/2022,122.3362,122.2182,122.4541
9/11/2022,121.5888,121.4724,121.7053
8/11/2022,121.3618,121.2429,121.4806
7/11/2022,119.4753,119.3594,119.5912
4/11/2022,118.8459,118.7294,118.9624
3/11/2022,120.3418,120.2229,120.4606
2/11/2022,120.4262,120.3047,120.5476
1/11/2022,120.335,120.2129,120.4571
31/10/2022,121.0926,120.9776,121.2076
28/10/2022,121.6441,121.5259,121.7624
27/10/2022,121.4762,121.3571,121.5953
26/10/2022,119.9856,119.87,120.1012
25/10/2022,119.2459,119.1318,119.36
24/10/2022,118.2618,118.1459,118.3776
21/10/2022,118.685,118.5659,118.8041
19/10/2022,119.1753,119.0576,119.2929
18/10/2022,117.9791,117.86,118.0982
17/10/2022,118.0559,117.9382,118.1735
14/10/2022,117.3497,117.2329,117.4665
13/10/2022,117.3953,117.2794,117.5112
12/10/2022,117.5347,117.4159,117.6535
11/10/2022,118.7226,118.6065,118.8388
7/10/2022,119.5056,119.3871,119.6241
6/10/2022,119.9215,119.8035,120.0394
5/10/2022,119.0332,118.9176,119.1488
4/10/2022,118.3379,118.2224,118.4535
3/10/2022,118.2485,118.1329,118.3641
30/09/2022,117.1341,117.0188,117.2494
29/09/2022,115.6297,115.5159,115.7435
28/09/2022,116.3812,116.2653,116.4971
27/09/2022,116.4459,116.3312,116.5606
26/09/2022,118.2091,118.0918,118.3265
23/09/2022,119.2303,119.1124,119.3482
22/09/2022,119.7479,119.6276,119.8682
21/09/2022,120.4394,120.3188,120.56
20/09/2022,120.2729,120.1512,120.3947
19/09/2022,120.2226,120.1041,120.3412
16/09/2022,120.3279,120.2082,120.4476
15/09/2022,120.7109,120.5935,120.8282
14/09/2022,121.7694,121.6471,121.8918
12/9/2022,120.6388,120.5147,120.7629
9/9/2022,120.1029,119.9818,120.2241
8/9/2022,119.2741,119.1541,119.3941
7/9/2022,119.5024,119.3829,119.6218
6/9/2022,119.3124,119.1929,119.4318
5/9/2022,120.1256,120.0071,120.2441
2/9/2022,120.0232,119.9029,120.1435
1/9/2022,120.0785,119.9612,120.1959
31/08/2022,120.0915,119.9724,120.2106
30/08/2022,119.8932,119.7741,120.0124
29/08/2022,119.8085,119.6947,119.9224
26/08/2022,119.5903,119.4718,119.7088
25/08/2022,119.1259,119.0141,119.2376
24/08/2022,119.2529,119.1353,119.3706
23/08/2022,119.845,119.73,119.96
22/08/2022,120.6194,120.5018,120.7371
19/08/2022,121.5753,121.4553,121.6953
18/08/2022,121.3479,121.2247,121.4712
17/08/2022,121.3479,121.2247,121.4712
16/08/2022,122.0456,121.9241,122.1671
15/08/2022,122.59,122.4682,122.7118
12/8/2022,122.8929,122.7729,123.0129
11/8/2022,122.3432,122.2235,122.4629
10/8/2022,121.4894,121.3676,121.6112
8/8/2022,121.5015,121.3782,121.6247
5/8/2022,121.3076,121.1859,121.4294
4/8/2022,121.2065,121.0865,121.3265
3/8/2022,121.6821,121.5629,121.8012
2/8/2022,121.8665,121.7476,121.9853
1/8/2022,121.2209,121.1012,121.3406
29/07/2022,120.6665,120.5447,120.7882
28/07/2022,120.5879,120.4682,120.7076
27/07/2022,120.7962,120.6747,120.9176
26/07/2022,121.2409,121.1188,121.3629
25/07/2022,120.7306,120.6094,120.8518
22/07/2022,120.8756,120.7582,120.9929
21/07/2022,121.0215,120.9024,121.1406
20/07/2022,120.6579,120.5365,120.7794
19/07/2022,119.6141,119.4924,119.7359
18/07/2022,118.7735,118.6541,118.8929
15/07/2022,118.6279,118.5059,118.75
14/07/2022,118.6891,118.5694,118.8088
13/07/2022,119.0891,118.9712,119.2071
12/7/2022,119.8841,119.7665,120.0018
8/7/2022,120.6747,120.56,120.7894
7/7/2022,121.0612,120.9424,121.18
6/7/2022,121.9179,121.7976,122.0382
5/7/2022,123.2059,123.0818,123.33
4/7/2022,123.2156,123.0924,123.3388
1/7/2022,123.0626,122.9394,123.1859
30/06/2022,124.0203,123.8929,124.1476
29/06/2022,124.6076,124.4829,124.7324
28/06/2022,124.795,124.0782,125.5118
27/06/2022,123.9012,123.7735,124.0288
24/06/2022,123.735,123.6082,123.8618
23/06/2022,123.6785,123.5524,123.8047
22/06/2022,123.8768,123.7565,123.9971
21/06/2022,123.4547,123.3288,123.5806
20/06/2022,123.1982,123.0735,123.3229
17/06/2022,122.4168,122.2929,122.5406
16/06/2022,122.4682,122.3447,122.5918
15/06/2022,122.8385,122.7141,122.9629
14/06/2022,123.0994,122.9771,123.2218
13/06/2022,124.4741,124.3506,124.5976
10/6/2022,125.3362,125.2129,125.4594
9/6/2022,125.3159,125.1906,125.4412
8/6/2022,124.9197,124.7941,125.0453
7/6/2022,125.4009,125.2782,125.5235
6/6/2022,125.2668,125.1382,125.3953
3/6/2022,124.965,124.8382,125.0918
2/6/2022,125.0865,124.9624,125.2106
31/05/2022,125.5976,125.4729,125.7224
30/05/2022,125.0159,124.8882,125.1435
27/05/2022,124.7635,124.6388,124.8882
26/05/2022,124.4432,124.3171,124.5694
25/05/2022,124.5821,124.4565,124.7076
24/05/2022,123.8694,123.7441,123.9947
23/05/2022,123.1582,123.0353,123.2812
20/05/2022,122.5424,122.4194,122.6653
19/05/2022,122.3385,122.2124,122.4647
18/05/2022,121.9618,121.8365,122.0871
17/05/2022,121.2071,121.0824,121.3318
16/05/2022,121.1082,120.9871,121.2294
13/05/2022,121.7738,121.6529,121.8947
12/5/2022,122.3644,122.2471,122.4818
11/5/2022,122.5156,122.3929,122.6382
10/5/2022,122.2374,122.1118,122.3629
9/5/2022,122.3615,122.2335,122.4894
6/5/2022,122.5347,122.4124,122.6571
5/5/2022,122.0379,121.9147,122.1612
4/5/2022,122.1359,122.0118,122.26
28/04/2022,122.8294,122.7053,122.9535
27/04/2022,123.8074,123.6824,123.9324
26/04/2022,124.4344,124.3094,124.5594
25/04/2022,125.0882,124.9618,125.2147
22/04/2022,125.6624,125.5376,125.7871
21/04/2022,125.2621,125.1353,125.3888
20/04/2022,124.9368,124.81,125.0635
19/04/2022,125.4838,125.3594,125.6082
14/04/2022,125.1629,125.0371,125.2888
13/04/2022,125.5903,125.4653,125.7153
12/4/2022,125.7674,125.6371,125.8976
11/4/2022,125.4021,125.2765,125.5276
8/4/2022,125.7626,125.6359,125.8894
7/4/2022,125.8965,125.7706,126.0224
6/4/2022,126.4574,126.3306,126.5841
5/4/2022,126.7059,126.5782,126.8335
4/4/2022,127.105,126.9759,127.2341
1/4/2022,127.7638,127.6324,127.8953
31/03/2022,127.8018,127.6718,127.9318
30/03/2022,126.5403,126.4118,126.6688
29/03/2022,126.14,126.0106,126.2694
28/03/2022,126.3309,126.2024,126.4594
25/03/2022,125.9412,125.8159,126.0665
24/03/2022,125.9694,125.8447,126.0941
23/03/2022,126.0109,125.8794,126.1424
22/03/2022,126.3788,126.2524,126.5053
21/03/2022,126.2562,126.1265,126.3859
18/03/2022,126.3971,126.2676,126.5265
17/03/2022,125.9526,125.8271,126.0782
16/03/2022,125.8426,125.7165,125.9688
15/03/2022,125.805,125.6794,125.9306
14/03/2022,126.2012,126.0747,126.3276
11/3/2022,126.1024,125.9747,126.23
10/3/2022,124.9891,124.8665,125.1118
9/3/2022,124.7462,124.6188,124.8735
8/3/2022,124.59,124.4635,124.7165
7/3/2022,125.6344,125.5047,125.7641
4/3/2022,126.7262,126.6,126.8524
3/3/2022,127.0935,126.9653,127.2218
2/3/2022,127.7253,127.5971,127.8535
1/3/2022,127.7291,127.6006,127.8576
28/02/2022,127.6453,127.5171,127.7735
25/02/2022,127.7638,127.6365,127.8912
24/02/2022,129.1156,128.9871,129.2441
23/02/2022,129.0374,128.9071,129.1676
22/02/2022,128.9929,128.8688,129.1171
21/02/2022,129.0818,128.9541,129.2094
18/02/2022,129.2244,129.0971,129.3518
17/02/2022,129.2485,129.1182,129.3788
16/02/2022,129.0685,128.9424,129.1947
15/02/2022,129,128.8741,129.1259
14/02/2022,129.4653,129.3382,129.5924
11/2/2022,129.6138,129.4847,129.7429
10/2/2022,129.5594,129.4312,129.6876
9/2/2022,129.5638,129.4394,129.6882
8/2/2022,129.2729,129.1488,129.3971
7/2/2022,129.305,129.1782,129.4318
4/2/2022,128.0776,127.9524,128.2029
3/2/2022,128.0462,127.9194,128.1729
2/2/2022,127.6376,127.5118,127.7635
1/2/2022,127.1009,126.9765,127.2253
31/01/2022,127.2215,127.0988,127.3441
28/01/2022,127.3735,127.2488,127.4982
27/01/2022,128.1053,127.9818,128.2288
26/01/2022,128.2582,128.1318,128.3847
25/01/2022,128.5247,128.3947,128.6547
24/01/2022,128.7115,128.5812,128.8418
21/01/2022,128.7424,128.6141,128.8706
20/01/2022,128.6988,128.5735,128.8241
19/01/2022,129.2059,129.0765,129.3353
18/01/2022,129.2859,129.1629,129.4088
17/01/2022,129.5079,129.3794,129.6365
14/01/2022,129.4921,129.3682,129.6159
13/01/2022,128.7624,128.6329,128.8918
12/1/2022,128.4209,128.2935,128.5482
11/1/2022,128.2515,128.1247,128.3782
10/1/2022,128.0182,127.8906,128.1459
7/1/2022,128.0379,127.9071,128.1688
6/1/2022,128.065,127.9318,128.1982
5/1/2022,127.8794,127.7482,128.0106
4/1/2022,128.2671,128.1371,128.3971
3/1/2022,128.0897,127.9594,128.22
31/12/2021,127.9932,127.8653,128.1212
30/12/2021,127.8785,127.7512,128.0059
29/12/2021,128.0856,127.9624,128.2088
28/12/2021,128.1188,127.9924,128.2453
24/12/2021,127.9538,127.8276,128.08
23/12/2021,127.6785,127.55,127.8071
22/12/2021,127.6306,127.5,127.7612
21/12/2021,127.5262,127.3982,127.6541
20/12/2021,127.9747,127.8435,128.1059
17/12/2021,127.8721,127.7412,128.0029
16/12/2021,127.375,127.2476,127.5024
15/12/2021,127.5679,127.4418,127.6941
14/12/2021,127.4868,127.3624,127.6112
10/12/2021,127.6956,127.5682,127.8229
9/12/2021,127.2606,127.1341,127.3871
8/12/2021,127.0753,126.9494,127.2012
7/12/2021,127.3206,127.1947,127.4465
6/12/2021,127.3953,127.2659,127.5247
3/12/2021,127.5385,127.4129,127.6641
2/12/2021,127.4503,127.3235,127.5771
1/12/2021,127.4935,127.3629,127.6241
30/11/2021,126.9624,126.8306,127.0941
29/11/2021,126.6618,126.5353,126.7882
26/11/2021,126.1515,126.0259,126.2771
25/11/2021,126.3024,126.1753,126.4294
24/11/2021,126.4765,126.3524,126.6006
23/11/2021,126.7853,126.6571,126.9135
22/11/2021,126.8415,126.7141,126.9688
19/11/2021,127.1462,127.0171,127.2753
18/11/2021,126.8859,126.7565,127.0153
17/11/2021,127.5956,127.4653,127.7259
16/11/2021,128.2182,128.0929,128.3435
15/11/2021,128.1229,127.9912,128.2547
12/11/2021,128.4247,128.2912,128.5582
11/11/2021,129.2012,129.0706,129.3318
10/11/2021,129.3188,129.1912,129.4465
9/11/2021,129.0544,128.9253,129.1835
8/11/2021,128.8362,128.7071,128.9653
5/11/2021,128.8635,128.7318,128.9953
4/11/2021,129.0974,128.9671,129.2276
3/11/2021,129.1324,128.9982,129.2665
2/11/2021,128.9885,128.8565,129.1206
1/11/2021,129.5421,129.41,129.6741
29/10/2021,129.0803,128.9465,129.2141
28/10/2021,129.0765,128.9447,129.2082
27/10/2021,129.0921,128.9624,129.2218
26/10/2021,129.1035,128.9747,129.2324
25/10/2021,129.2897,129.1612,129.4182
22/10/2021,129.3241,129.1953,129.4529
21/10/2021,129.355,129.2253,129.4847
19/10/2021,128.6053,128.4735,128.7371
18/10/2021,128.6426,128.5135,128.7718
15/10/2021,128.6315,128.5012,128.7618
14/10/2021,127.9885,127.8529,128.1241
13/10/2021,127.9071,127.7747,128.0394
12/10/2021,127.9332,127.8024,128.0641
8/10/2021,127.8988,127.7688,128.0288
7/10/2021,127.7847,127.6524,127.9171
6/10/2021,128.3903,128.2582,128.5224
5/10/2021,128.6438,128.5135,128.7741
4/10/2021,128.3429,128.2088,128.4771
1/10/2021,128.3759,128.2476,128.5041
30/09/2021,129.0085,128.8782,129.1388
29/09/2021,129.1147,128.9812,129.2482
28/09/2021,129.2518,129.1194,129.3841
27/09/2021,129.4585,129.3259,129.5912
24/09/2021,129.3276,129.1953,129.46
23/09/2021,129.4947,129.3612,129.6282
22/09/2021,129.4391,129.3071,129.5712
21/09/2021,129.3703,129.2365,129.5041
20/09/2021,129.7715,129.6376,129.9053
17/09/2021,129.6676,129.5324,129.8029
16/09/2021,130.0632,129.9324,130.1941
15/09/2021,129.8285,129.6929,129.9641
14/09/2021,129.5332,129.4006,129.6659
13/09/2021,129.9841,129.8535,130.1147
10/9/2021,130.0241,129.8906,130.1576
9/9/2021,130.2662,130.1282,130.4041
8/9/2021,130.5053,130.3682,130.6424
7/9/2021,130.5912,130.4529,130.7294
6/9/2021,130.5856,130.4494,130.7218
3/9/2021,130.2579,130.1247,130.3912
2/9/2021,130.0262,129.8918,130.1606
1/9/2021,130.0532,129.9212,130.1853
31/08/2021,129.5944,129.4647,129.7241
30/08/2021,129.1341,129.0018,129.2665
27/08/2021,129.0982,128.9635,129.2329
26/08/2021,128.8344,128.7,128.9688
25/08/2021,128.6844,128.5529,128.8159
24/08/2021,128.3774,128.2406,128.5141
23/08/2021,127.9156,127.7841,128.0471
20/08/2021,128.0912,127.9565,128.2259
19/08/2021,128.3468,128.2165,128.4771
18/08/2021,128.745,128.6129,128.8771
17/08/2021,128.7574,128.6306,128.8841
16/08/2021,128.3506,128.2171,128.4841
13/08/2021,128.1094,127.9794,128.2394
12/8/2021,127.9688,127.8324,128.1053
11/8/2021,127.7679,127.6347,127.9012
10/8/2021,127.9809,127.8471,128.1147
9/8/2021,128.4568,128.3312,128.5824
6/8/2021,128.7432,128.6112,128.8753
5/8/2021,129.0541,128.9212,129.1871
4/8/2021,128.9806,128.8453,129.1159
3/8/2021,129.0406,128.9082,129.1729
2/8/2021,129.0259,128.8912,129.1606
30/07/2021,128.6918,128.5576,128.8259
29/07/2021,128.24,128.1076,128.3724
28/07/2021,128.0306,127.8971,128.1641
27/07/2021,127.9144,127.78,128.0488
26/07/2021,127.4812,127.3453,127.6171
23/07/2021,127.6532,127.52,127.7865
22/07/2021,127.4826,127.3476,127.6176
21/07/2021,127.6503,127.5141,127.7865
19/07/2021,127.8124,127.6776,127.9471
16/07/2021,127.8962,127.7612,128.0312
15/07/2021,127.6821,127.5476,127.8165
14/07/2021,127.8709,127.7347,128.0071
13/07/2021,127.9276,127.7982,128.0571
12/7/2021,127.945,127.8135,128.0765
9/7/2021,127.8265,127.6912,127.9618
8/7/2021,127.6018,127.4682,127.7353
7/7/2021,127.9403,127.8088,128.0718
6/7/2021,128.0182,127.8882,128.1482
5/7/2021,127.7903,127.6576,127.9229
2/7/2021,128.1238,127.9912,128.2565
1/7/2021,128.2006,128.0671,128.3341
30/06/2021,128.2265,128.09,128.3629
29/06/2021,128.6153,128.4782,128.7524
28/06/2021,128.7018,128.5665,128.8371
25/06/2021,128.6041,128.4682,128.74
24/06/2021,128.7788,128.6435,128.9141
23/06/2021,128.2185,128.0841,128.3529
22/06/2021,128.3494,128.2135,128.4853
21/06/2021,128.6744,128.5365,128.8124
18/06/2021,129.655,129.5171,129.7929
17/06/2021,130.6535,130.5165,130.7906
16/06/2021,130.5968,130.4576,130.7359
15/06/2021,130.6465,130.5088,130.7841
14/06/2021,130.8806,130.7441,131.0171
11/6/2021,131.3471,131.2112,131.4829
10/6/2021,131.6603,131.5206,131.8
9/6/2021,131.4406,131.3094,131.5718
8/6/2021,131.3229,131.1876,131.4582
7/6/2021,130.9876,130.8506,131.1247
4/6/2021,131.4368,131.3,131.5735
3/6/2021,131.3253,131.1906,131.46
2/6/2021,131.3009,131.17,131.4318
31/05/2021,130.8832,130.7482,131.0182
28/05/2021,131.1994,131.0618,131.3371
27/05/2021,131.4471,131.3065,131.5876
26/05/2021,132.0559,131.9176,132.1941
25/05/2021,131.9215,131.7871,132.0559
24/05/2021,132.1982,132.0612,132.3353
21/05/2021,132.0147,131.8753,132.1541
20/05/2021,131.6874,131.5488,131.8259
19/05/2021,131.2715,131.1329,131.41
18/05/2021,130.4718,130.3394,130.6041
17/05/2021,129.4535,129.3188,129.5882
13/05/2021,129.7474,129.6082,129.8865
12/5/2021,129.7062,129.5694,129.8429
11/5/2021,129.5541,129.4194,129.6888
10/5/2021,128.8438,128.7106,128.9771
7/5/2021,127.9418,127.8071,128.0765
6/5/2021,128.5176,128.3841,128.6512
5/5/2021,129.0147,128.8794,129.15
4/5/2021,129.8029,129.6682,129.9376
3/5/2021,130.3803,130.2444,130.5163
30/04/2021,130.6282,130.4918,130.7647
29/04/2021,130.1612,130.0241,130.2982
28/04/2021,130.2465,130.11,130.3829
27/04/2021,130.6465,130.5124,130.7806
26/04/2021,130.9324,130.7959,131.0688
23/04/2021,130.7232,130.5847,130.8618
22/04/2021,130.1735,130.0365,130.3106
21/04/2021,130.285,130.1482,130.4218
20/04/2021,129.8859,129.7476,130.0241
19/04/2021,128.76,128.6265,128.8935
16/04/2021,128.145,128.0106,128.2794
15/04/2021,127.7812,127.6465,127.9159
14/04/2021,127.2362,127.1041,127.3682
13/04/2021,127.6112,127.4771,127.7453
12/4/2021,127.6421,127.5071,127.7771
9/4/2021,128.3497,128.2129,128.4865
8/4/2021,128.6329,128.4976,128.7682
7/4/2021,128.2815,128.1524,128.4106
6/4/2021,127.9259,127.7918,128.06
1/4/2021,128.5118,128.3806,128.6429
31/03/2021,128.6035,128.4718,128.7353
30/03/2021,129.2929,129.1635,129.4224
29/03/2021,129.3509,129.2165,129.4853
26/03/2021,129.7506,129.6141,129.8871
25/03/2021,130.1038,129.9706,130.2371
24/03/2021,130.6788,130.5424,130.8153
23/03/2021,130.9218,130.7835,131.06
22/03/2021,130.8462,130.71,130.9824
19/03/2021,131.0912,130.9547,131.2276
18/03/2021,130.7129,130.5776,130.8482
17/03/2021,130.9671,130.8335,131.1006
16/03/2021,130.8409,130.7071,130.9747
15/03/2021,130.8965,130.7641,131.0288
12/3/2021,130.9221,130.7888,131.0553
11/3/2021,130.58,130.4459,130.7141
10/3/2021,130.5797,130.4429,130.7165
9/3/2021,130.5529,130.4194,130.6865
8/3/2021,131.1674,131.0306,131.3041
5/3/2021,132.0359,131.9024,132.1694
4/3/2021,132.3806,132.2459,132.5153
3/3/2021,132.0568,131.9153,132.1982
2/3/2021,132.2391,132.1094,132.3688
1/3/2021,133.1862,133.0494,133.3229
26/02/2021,133.8324,133.6947,133.97
25/02/2021,133.4612,133.3253,133.5971
24/02/2021,133.2465,133.1076,133.3853
23/02/2021,132.9212,132.7829,133.0594
22/02/2021,132.9976,132.8629,133.1324
19/02/2021,132.2929,132.1547,132.4312
18/02/2021,132.0318,131.8971,132.1665
17/02/2021,132.8124,132.6759,132.9488
16/02/2021,132.755,132.6176,132.8924
15/02/2021,132.6629,132.5288,132.7971
12/2/2021,132.7915,132.6582,132.9247
11/2/2021,132.6547,132.5182,132.7912
10/2/2021,132.3982,132.2647,132.5318
9/2/2021,131.7582,131.6218,131.8947
8/2/2021,131.3953,131.2606,131.53
5/2/2021,131.6921,131.5582,131.8259
4/2/2021,131.9809,131.8453,132.1165
3/2/2021,132.2918,132.1588,132.4247
2/2/2021,133.0994,132.9624,133.2365
1/2/2021,133.385,133.2512,133.5188
29/01/2021,133.16,133.0218,133.2982
28/01/2021,133.3059,133.1682,133.4435
27/01/2021,133.6935,133.5547,133.8324
26/01/2021,133.87,133.7365,134.0035
25/01/2021,133.7129,133.5759,133.85
22/01/2021,133.3385,133.2024,133.4747
21/01/2021,133.5585,133.4224,133.6947
20/01/2021,133.56,133.4212,133.6988
19/01/2021,132.93,132.7924,133.0676
18/01/2021,133.7332,133.5953,133.8712
15/01/2021,133.9868,133.8488,134.1247
14/01/2021,133.7632,133.6241,133.9024
13/01/2021,133.2926,133.1565,133.4288
12/1/2021,133.6335,133.4988,133.7682
11/1/2021,134.2803,134.1424,134.4182
8/1/2021,134.52,134.3806,134.6594
7/1/2021,134.8753,134.7359,135.0147
6/1/2021,134.2697,134.1312,134.4082
5/1/2021,134.3674,134.2271,134.5076
4/1/2021,134.1779,134.0429,134.3129
31/12/2020,133.895,133.7594,134.0306
30/12/2020,133.5229,133.3882,133.6576
29/12/2020,132.7632,132.6282,132.8982
28/12/2020,132.6776,132.5406,132.8147
24/12/2020,132.6497,132.5118,132.7876
23/12/2020,133.7318,133.5929,133.8706
22/12/2020,135.0256,134.8888,135.1624
21/12/2020,136.4656,136.3271,136.6041
18/12/2020,136.3021,136.1653,136.4388
17/12/2020,135.945,135.8071,136.0829
16/12/2020,135.5097,135.3718,135.6476
15/12/2020,135.5515,135.4112,135.6918
14/12/2020,134.8818,134.7406,135.0229
11/12/2020,134.9232,134.7888,135.0576
10/12/2020,135.0344,134.9018,135.1671
9/12/2020,135.0271,134.8894,135.1647
8/12/2020,135.2818,135.1435,135.42
7/12/2020,135.08,134.94,135.22
4/12/2020,134.4438,134.3106,134.5771
3/12/2020,133.2379,133.1,133.3759
2/12/2020,131.6082,131.4753,131.7412
1/12/2020,131.6553,131.5188,131.7918
30/11/2020,131.1794,131.0424,131.3165
27/11/2020,130.9053,130.7682,131.0424
26/11/2020,130.6476,130.5129,130.7824
25/11/2020,130.2206,130.0888,130.3524
24/11/2020,130.3415,130.2071,130.4759
23/11/2020,129.8718,129.7371,130.0065
20/11/2020,129.4524,129.3206,129.5841
19/11/2020,129.7703,129.6376,129.9029
18/11/2020,129.7041,129.5676,129.8406
17/11/2020,129.3626,129.2329,129.4924
16/11/2020,129.0406,128.9076,129.1735
13/11/2020,128.7462,128.6147,128.8776
12/11/2020,128.3203,128.1847,128.4559
11/11/2020,128.6318,128.4965,128.7671
10/11/2020,129.2082,129.0765,129.34
9/11/2020,129.2891,129.1547,129.4235
6/11/2020,128.8515,128.7141,128.9888
5/11/2020,127.3756,127.2441,127.5071
4/11/2020,127.4079,127.2759,127.54
3/11/2020,126.8906,126.7612,127.02
2/11/2020,127.1679,127.0347,127.3012
30/10/2020,127.2671,127.1335,127.4006
29/10/2020,127.7076,127.5765,127.8388
28/10/2020,128.7135,128.5759,128.8512
27/10/2020,128.6812,128.5471,128.8153
26/10/2020,128.8765,128.7388,129.0141
23/10/2020,128.555,128.42,128.69
22/10/2020,128.7774,128.6441,128.9106
21/10/2020,127.9653,127.8312,128.0994
19/10/2020,127.4047,127.2729,127.5365
16/10/2020,127.2529,127.1182,127.3876
15/10/2020,127.6371,127.5065,127.7676
14/10/2020,127.8415,127.7024,127.9806
13/10/2020,128.1729,128.0382,128.3076
12/10/2020,127.8003,127.6676,127.9329
9/10/2020,127.5618,127.4276,127.6959
8/10/2020,127.6976,127.5624,127.8329
7/10/2020,127.9238,127.7929,128.0547
6/10/2020,127.4144,127.2818,127.5471
5/10/2020,127.2338,127.1012,127.3665
2/10/2020,127.4097,127.28,127.5394
1/10/2020,126.9888,126.8524,127.1253
30/09/2020,126.8938,126.7582,127.0294
29/09/2020,126.7871,126.6535,126.9206
28/09/2020,126.5615,126.4306,126.6924
25/09/2020,126.4918,126.3612,126.6224
24/09/2020,126.8209,126.6882,126.9535
23/09/2020,127.5579,127.4253,127.6906
22/09/2020,127.7903,127.6565,127.9241
21/09/2020,128.4044,128.27,128.5388
18/09/2020,128.1488,128.0153,128.2824
17/09/2020,128.6821,128.5506,128.8135
16/09/2020,129.2188,129.0841,129.3535
15/09/2020,128.8103,128.6776,128.9429
14/09/2020,128.5562,128.4212,128.6912
11/9/2020,128.4029,128.2688,128.5371
10/9/2020,127.8491,127.7147,127.9835
9/9/2020,127.9676,127.8312,128.1041
8/9/2020,128.1624,128.0288,128.2959
7/9/2020,128.1491,128.0135,128.2847
4/9/2020,128.1874,128.0571,128.3176
3/9/2020,128.2512,128.1171,128.3853
2/9/2020,129.7979,129.6647,129.9312
1/9/2020,128.7132,128.5812,128.8453
31/08/2020,128.5468,128.4147,128.6788
28/08/2020,127.8521,127.7176,127.9865
27/08/2020,127.6735,127.5418,127.8053
26/08/2020,127.8212,127.6865,127.9559
25/08/2020,127.9074,127.7759,128.0388
24/08/2020,127.295,127.1635,127.4265
21/08/2020,127.9294,127.7953,128.0635
20/08/2020,129.2135,129.0765,129.3506
19/08/2020,129.7009,129.5629,129.8388
18/08/2020,128.4182,128.2824,128.5541
17/08/2020,127.9962,127.8618,128.1306
14/08/2020,128.1765,128.0418,128.3112
13/08/2020,127.5712,127.4376,127.7047
12/8/2020,127.7044,127.5671,127.8418
11/8/2020,127.2365,127.1029,127.37
10/8/2020,127.6385,127.5059,127.7712
7/8/2020,128.0929,127.9582,128.2276
6/8/2020,127.8947,127.7606,128.0288
5/8/2020,126.8079,126.6782,126.9376
4/8/2020,126.3406,126.2071,126.4741
3/8/2020,126.6762,126.5418,126.8106
30/07/2020,126.3894,126.2541,126.5247
29/07/2020,126.2674,126.1347,126.4
28/07/2020,126.3644,126.2324,126.4965
27/07/2020,125.0841,124.9506,125.2176
24/07/2020,125.1591,125.0271,125.2912
23/07/2020,125.2568,125.1229,125.3906
22/07/2020,123.4074,123.2747,123.54
21/07/2020,123.2329,123.1065,123.3594
20/07/2020,122.4491,122.3182,122.58
17/07/2020,122.6147,122.4841,122.7453
16/07/2020,122.5138,122.3818,122.6459
15/07/2020,121.8574,121.7282,121.9865
14/07/2020,121.3938,121.2624,121.5253
13/07/2020,120.9668,120.8388,121.0947
10/7/2020,121.1668,121.0376,121.2959
9/7/2020,120.8185,120.6924,120.9447
8/7/2020,120.4779,120.3488,120.6071
7/7/2020,120.375,120.2476,120.5024
6/7/2020,119.7576,119.6318,119.8835
3/7/2020,120.2818,120.1553,120.4082
2/7/2020,119.6832,119.5565,119.81
1/7/2020,119.6515,119.5259,119.7771
30/06/2020,120.14,120.0112,120.2688
29/06/2020,119.4379,119.3082,119.5676
26/06/2020,119.5447,119.4188,119.6706
25/06/2020,120.0438,119.9165,120.1712
24/06/2020,120.4903,120.3606,120.62
23/06/2020,119.5079,119.3776,119.6382
22/06/2020,119.2779,119.1476,119.4082
19/06/2020,119.4556,119.3235,119.5876
18/06/2020,119.5276,119.4006,119.6547
17/06/2020,120.3221,120.1918,120.4524
16/06/2020,119.8,119.6694,119.9306
15/06/2020,120.53,120.4018,120.6582
12/6/2020,120.9882,120.8553,121.1212
11/6/2020,121.2606,121.13,121.3912
10/6/2020,120.1482,120.0212,120.2753
9/6/2020,120.0959,119.97,120.2218
8/6/2020,120.095,119.9665,120.2235
5/6/2020,119.0588,118.9312,119.1865
4/6/2020,118.8788,118.7524,119.0053
3/6/2020,118.8776,118.75,119.0053
2/6/2020,118.9538,118.8235,119.0841
29/05/2020,117.8065,117.6771,117.9359
28/05/2020,117.9565,117.8312,118.0818
27/05/2020,117.2603,117.1318,117.3888
26/05/2020,116.7238,116.5971,116.8506
22/05/2020,117.5491,117.4253,117.6729
21/05/2020,117.1397,117.0129,117.2665
20/05/2020,116.9862,116.8576,117.1147
19/05/2020,115.3562,115.2347,115.4776
18/05/2020,115.6629,115.5376,115.7882
15/05/2020,115.2753,115.1547,115.3959
14/05/2020,115.8512,115.7294,115.9729
13/05/2020,115.4906,115.3682,115.6129
12/5/2020,114.8362,114.7188,114.9535
11/5/2020,114.9621,114.8382,115.0859
8/5/2020,114.3856,114.2612,114.51
7/5/2020,114.6256,114.5047,114.7465
6/5/2020,115.1941,115.0729,115.3153
5/5/2020,116.6168,116.4947,116.7388
4/5/2020,116.5941,116.4724,116.7159
30/04/2020,116.4162,116.2935,116.5388
29/04/2020,116.6747,116.5512,116.7982
28/04/2020,116.3159,116.1882,116.4435
27/04/2020,115.3815,115.2553,115.5076
24/04/2020,115.6315,115.5029,115.76
23/04/2020,116.3944,116.2682,116.5206
22/04/2020,115.8982,115.7765,116.02
21/04/2020,116.0891,115.9629,116.2153
20/04/2020,115.6982,115.5771,115.8194
17/04/2020,115.4212,115.2959,115.5465
16/04/2020,115.1365,115.0129,115.26
15/04/2020,116.0569,115.9369,116.1769
14/04/2020,115.3624,115.2394,115.4853
9/4/2020,115.1615,115.0394,115.2835
8/4/2020,115.9453,115.8241,116.0665
7/4/2020,114.7524,114.6247,114.88
6/4/2020,114.3891,114.2635,114.5147
3/4/2020,115.2985,115.1712,115.4259
2/4/2020,115.0882,114.9659,115.2106
1/4/2020,115.1185,114.9953,115.2418
31/03/2020,115.3829,115.2606,115.5053
30/03/2020,114.5579,114.4318,114.6841
27/03/2020,115.3644,115.2229,115.5059
26/03/2020,114.8962,114.7647,115.0276
25/03/2020,114.8474,114.7212,114.9735
24/03/2020,114.5574,114.4365,114.6782
23/03/2020,113.4056,113.2835,113.5276
20/03/2020,113.4438,113.3176,113.57
19/03/2020,113.5859,113.4612,113.7106
18/03/2020,114.455,114.3294,114.5806
17/03/2020,115.2647,115.1382,115.3912
16/03/2020,114.4903,114.3629,114.6176
13/03/2020,115.0868,114.96,115.2135
12/3/2020,116.3068,116.1747,116.4388
11/3/2020,116.7521,116.6235,116.8806
10/3/2020,116.9206,116.7906,117.0506
9/3/2020,116.3194,116.1888,116.45
6/3/2020,114.7432,114.6141,114.8724
5/3/2020,114.5374,114.4082,114.6665
4/3/2020,113.6935,113.5688,113.8182
3/3/2020,112.9785,112.8476,113.1094
2/3/2020,111.0847,110.9571,111.2124
28/02/2020,110.7838,110.6594,110.9082
27/02/2020,109.6206,109.4941,109.7471
26/02/2020,109.6585,109.5341,109.7829
25/02/2020,109.4276,109.3059,109.5494
24/02/2020,109.3397,109.2188,109.4606
21/02/2020,109.3694,109.2465,109.4924
20/02/2020,109.3179,109.1935,109.4424
19/02/2020,109.2621,109.1412,109.3829
18/02/2020,109.3438,109.2276,109.46
17/02/2020,109.0782,108.9553,109.2012
14/02/2020,109.2485,109.1247,109.3724
13/02/2020,109.8215,109.6988,109.9441
12/2/2020,110.1785,110.0559,110.3012
10/2/2020,110.2776,110.1488,110.4065
7/2/2020,110.5191,110.4006,110.6376
6/2/2020,110.5738,110.4547,110.6929
5/2/2020,110.9097,110.7865,111.0329
4/2/2020,111.1259,111.0053,111.2465
3/2/2020,110.9471,110.8253,111.0688
31/01/2020,110.8976,110.7747,111.0206
30/01/2020,110.7968,110.6724,110.9212
29/01/2020,111.0515,110.9294,111.1735
28/01/2020,111.3003,111.1753,111.4253
27/01/2020,111.3518,111.23,111.4735
27/01/2020,111.3518,111.23,111.4735
24/01/2020,111.8703,111.7418,111.9988
23/01/2020,111.8291,111.7076,111.9506
22/01/2020,112.2206,112.0994,112.3418
21/01/2020,112.0218,111.9047,112.1388
20/01/2020,112.0868,111.9641,112.2094
17/01/2020,112.6926,112.5729,112.8124
16/01/2020,112.9676,112.8441,113.0912
15/01/2020,112.675,112.5488,112.8012
14/01/2020,112.9147,112.7876,113.0418
13/01/2020,112.5697,112.4394,112.7
10/1/2020,112.9035,112.7806,113.0265
9/1/2020,112.8497,112.7229,112.9765
8/1/2020,113.1079,112.98,113.2359
7/1/2020,113.1424,113.0176,113.2671
6/1/2020,112.5447,112.4218,112.6676
3/1/2020,113.0779,112.95,113.2059
2/1/2020,113.5638,113.4376,113.69
