Date,POUND_Rate,Buy,Sell
30/06/2023,177.2759,177.1247,177.4271
29/06/2023,179.0353,178.8841,179.1865
27/06/2023,178.6224,178.4724,178.7724
26/06/2023,178.6132,178.4565,178.77
23/06/2023,179.0782,178.9235,179.2329
22/06/2023,178.4082,178.2559,178.5606
21/06/2023,178.7353,178.58,178.8906
20/06/2023,179.4847,179.3318,179.6376
19/06/2023,179.4029,179.2524,179.5535
16/06/2023,177.1768,177.0271,177.3265
15/06/2023,176.9062,176.7547,177.0576
14/06/2023,175.7882,175.6376,175.9388
13/06/2023,174.8209,174.6753,174.9665
12/6/2023,175.1085,174.9612,175.2559
9/6/2023,173.8535,173.7082,173.9988
8/6/2023,173.3303,173.1812,173.4794
7/6/2023,172.425,172.2741,172.5759
6/6/2023,172.1926,172.0459,172.3394
5/6/2023,173.7138,173.5682,173.8594
2/6/2023,171.3659,171.2247,171.5071
31/05/2023,172.1215,171.9794,172.2635
30/05/2023,170.9091,170.7594,171.0588
29/05/2023,170.8341,170.6871,170.9812
26/05/2023,170.5535,170.4088,170.6982
25/05/2023,171.1979,171.0494,171.3465
24/05/2023,170.8621,170.7112,171.0129
23/05/2023,171.5506,171.4053,171.6959
22/05/2023,171.1456,170.9971,171.2941
19/05/2023,170.8612,170.7153,171.0071
18/05/2023,171.3762,171.2288,171.5235
17/05/2023,171.7024,171.5547,171.85
16/05/2023,171.5088,171.3588,171.6588
15/05/2023,171.3779,171.2294,171.5265
12/5/2023,171.5453,171.3988,171.6918
11/5/2023,173.0065,172.8541,173.1588
10/5/2023,172.0926,171.9465,172.2388
9/5/2023,172.8126,172.6618,172.9635
8/5/2023,171.8429,171.6976,171.9882
5/5/2023,171.4321,171.2859,171.5782
4/5/2023,170.5476,170.4006,170.6947
3/5/2023,169.7085,169.5606,169.8565
2/5/2023,170.0465,169.8971,170.1959
28/04/2023,169.3679,169.2212,169.5147
27/04/2023,169.5603,169.4118,169.7088
26/04/2023,168.3371,168.19,168.4841
25/04/2023,168.5847,168.4353,168.7341
24/04/2023,168.4476,168.2965,168.5988
20/04/2023,168.2768,168.1288,168.4247
19/04/2023,167.7656,167.6159,167.9153
18/04/2023,166.9094,166.7606,167.0582
17/04/2023,167.8824,167.7318,168.0329
14/04/2023,168.2315,168.0835,168.3794
13/04/2023,166.9238,166.78,167.0676
12/4/2023,166.2368,166.0953,166.3782
11/4/2023,166.0097,165.8635,166.1559
6/4/2023,166.3065,166.16,166.4529
5/4/2023,166.0409,165.8929,166.1888
4/4/2023,164.3462,164.1982,164.4941
3/4/2023,164.115,163.9653,164.2647
31/03/2023,163.6715,163.5282,163.8147
30/03/2023,162.9185,162.7694,163.0676
29/03/2023,162.2203,162.0724,162.3682
28/03/2023,161.2947,161.1482,161.4412
27/03/2023,160.4871,160.3382,160.6359
24/03/2023,161.7341,161.5894,161.8788
23/03/2023,160.7794,160.6353,160.9235
22/03/2023,159.8974,159.7547,160.04
21/03/2023,159.2897,159.1435,159.4359
20/03/2023,157.8444,157.6988,157.99
17/03/2023,156.5141,156.3676,156.6606
16/03/2023,156.6288,156.4824,156.7753
15/03/2023,157.6435,157.5006,157.7865
14/03/2023,156.7062,156.5641,156.8482
13/03/2023,155.0485,154.9071,155.19
10/3/2023,153.0979,152.9576,153.2382
9/3/2023,152.2606,152.1171,152.4041
8/3/2023,154.1438,154.0029,154.2847
7/3/2023,153.8832,153.74,154.0265
6/3/2023,153.2429,153.1024,153.3835
3/3/2023,152.5694,152.4288,152.71
2/3/2023,153.5409,153.4018,153.68
1/3/2023,153.7015,153.5635,153.8394
28/02/2023,151.8674,151.7235,152.0112
27/02/2023,151.7385,151.5971,151.88
24/02/2023,152.1174,151.9729,152.2618
23/02/2023,152.6,152.4629,152.7371
22/02/2023,152.6265,152.4871,152.7659
21/02/2023,151.5179,151.3806,151.6553
20/02/2023,150.2553,150.1241,150.3865
17/02/2023,151.1238,150.9835,151.2641
16/02/2023,151.3109,151.1882,151.4335
15/02/2023,153.1071,152.9724,153.2418
14/02/2023,151.2303,151.0947,151.3659
13/02/2023,151.6035,151.4653,151.7418
10/2/2023,152.0635,151.93,152.1971
9/2/2023,150.9424,150.8,151.0847
8/2/2023,149.9006,149.7671,150.0341
7/2/2023,150.3606,150.2194,150.5018
6/2/2023,152.7571,152.6171,152.8971
3/2/2023,153.1894,153.0447,153.3341
2/2/2023,153.5738,153.4329,153.7147
1/2/2023,153.52,153.3759,153.6641
31/01/2023,153.9974,153.8582,154.1365
30/01/2023,153.995,153.8541,154.1359
27/01/2023,154.21,154.0629,154.3571
26/01/2023,153.1265,152.9882,153.2647
25/01/2023,152.9865,152.8524,153.1206
24/01/2023,153.6438,153.5035,153.7841
23/01/2023,153.3562,153.2224,153.49
20/01/2023,153.2082,153.07,153.3465
19/01/2023,152.8571,152.6935,153.0206
18/01/2023,151.6926,151.5576,151.8276
17/01/2023,151.1694,151.0282,151.3106
16/01/2023,150.9794,150.8465,151.1124
13/01/2023,150.6003,150.4647,150.7359
12/1/2023,150.0947,149.9553,150.2341
11/1/2023,150.3126,150.1806,150.4447
10/1/2023,150.0956,149.9588,150.2324
9/1/2023,147.3056,147.1706,147.4406
6/1/2023,148.5565,148.4212,148.6918
5/1/2023,148.7218,148.5818,148.8618
4/1/2023,148.1915,148.0535,148.3294
3/1/2023,148.7291,148.59,148.8682
30/12/2022,148.4671,148.3253,148.6088
29/12/2022,148.8882,148.7524,149.0241
28/12/2022,148.6721,148.5294,148.8147
23/12/2022,148.54,148.4053,148.6747
22/12/2022,149.535,149.3971,149.6729
21/12/2022,149.4012,149.2671,149.5353
20/12/2022,149.8068,149.6612,149.9524
19/12/2022,149.8894,149.7482,150.0306
16/12/2022,151.8109,151.6724,151.9494
15/12/2022,152.0432,151.8988,152.1876
14/12/2022,151.8876,151.7441,152.0312
13/12/2022,150.6826,150.5371,150.8282
9/12/2022,149.7056,149.5559,149.8553
8/12/2022,149.6379,149.4947,149.7812
7/12/2022,149.7124,149.5641,149.8606
6/12/2022,150.7326,150.5876,150.8776
5/12/2022,150.5076,150.3641,150.6512
2/12/2022,149.36,149.2159,149.5041
1/12/2022,146.9238,146.7865,147.0612
30/11/2022,147.2071,147.0624,147.3518
29/11/2022,147.9729,147.8282,148.1176
28/11/2022,147.8982,147.7524,148.0441
25/11/2022,148.0324,147.8882,148.1765
24/11/2022,146.2929,146.15,146.4359
23/11/2022,145.2112,145.0653,145.3571
22/11/2022,144.2979,144.1512,144.4447
21/11/2022,145.4768,145.3347,145.6188
18/11/2022,144.8365,144.6953,144.9776
17/11/2022,144.9762,144.8429,145.1094
16/11/2022,145.2106,145.0753,145.3459
15/11/2022,143.6297,143.4929,143.7665
14/11/2022,143.1891,143.0541,143.3241
11/11/2022,139.9215,139.7847,140.0582
10/11/2022,139.6918,139.5553,139.8282
9/11/2022,139.3376,139.2006,139.4747
8/11/2022,139.1441,139.0076,139.2806
7/11/2022,136.6968,136.56,136.8335
4/11/2022,136.8968,136.7629,137.0306
3/11/2022,139.8485,139.7112,139.9859
2/11/2022,139.8879,139.7506,140.0253
1/11/2022,139.7921,139.6612,139.9229
31/10/2022,140.2965,140.1612,140.4318
28/10/2022,140.6512,140.5112,140.7912
27/10/2022,140.3274,140.1865,140.4682
26/10/2022,137.945,137.8071,138.0829
25/10/2022,137.1126,136.9712,137.2541
24/10/2022,134.9924,134.8565,135.1282
21/10/2022,136.4582,136.3241,136.5924
19/10/2022,137.13,136.9947,137.2653
18/10/2022,136.5926,136.4582,136.7271
17/10/2022,136.1274,135.9876,136.2671
14/10/2022,134.8068,134.6706,134.9429
13/10/2022,133.4506,133.3206,133.5806
12/10/2022,133.2079,133.0806,133.3353
11/10/2022,135.6238,135.4876,135.76
7/10/2022,136.7082,136.5735,136.8429
6/10/2022,137.4897,137.3559,137.6235
5/10/2022,136.4632,136.3294,136.5971
4/10/2022,135.3744,135.2365,135.5124
3/10/2022,134.6097,134.4765,134.7429
30/09/2022,130.6644,130.5341,130.7947
29/09/2022,128.1524,128.0371,128.2676
28/09/2022,130.4747,130.3453,130.6041
27/09/2022,129.9759,129.8465,130.1053
26/09/2022,134.5835,134.4524,134.7147
23/09/2022,136.5141,136.3812,136.6471
22/09/2022,136.9332,136.7965,137.07
21/09/2022,137.6435,137.5112,137.7759
20/09/2022,137.42,137.2894,137.5506
19/09/2022,137.9882,137.8494,138.1271
16/09/2022,138.6682,138.5259,138.8106
15/09/2022,139.2694,139.13,139.4088
14/09/2022,140.4294,140.2871,140.5718
12/9/2022,139.1009,138.9659,139.2359
9/9/2022,138.7535,138.6153,138.8918
8/9/2022,138.2444,138.1076,138.3812
7/9/2022,138.8982,138.7618,139.0347
6/9/2022,138.2379,138.1012,138.3747
5/9/2022,138.9162,138.7782,139.0541
2/9/2022,139.0603,138.9235,139.1971
1/9/2022,139.8756,139.7359,140.0153
31/08/2022,140.4988,140.3588,140.6388
30/08/2022,140.8541,140.7153,140.9929
29/08/2022,141.7779,141.6429,141.9129
26/08/2022,141.7106,141.5694,141.8518
25/08/2022,141.2762,141.1406,141.4118
24/08/2022,141.2124,141.0747,141.35
23/08/2022,141.4521,141.3129,141.5912
22/08/2022,142.27,142.1294,142.4106
19/08/2022,144.1456,144.0047,144.2865
18/08/2022,144.0115,143.8694,144.1535
17/08/2022,144.0115,143.8694,144.1535
16/08/2022,144.5074,144.3618,144.6529
15/08/2022,144.8009,144.6618,144.94
12/8/2022,145.4203,145.2765,145.5641
11/8/2022,144.8844,144.7447,145.0241
10/8/2022,144.3606,144.2188,144.5024
8/8/2022,144.3521,144.2088,144.4953
5/8/2022,144.5062,144.3671,144.6453
4/8/2022,144.9318,144.7882,145.0753
3/8/2022,145.3556,145.2165,145.4947
2/8/2022,145.4032,145.2624,145.5441
1/8/2022,144.4294,144.2853,144.5735
29/07/2022,143.6903,143.5465,143.8341
28/07/2022,143.0547,142.9153,143.1941
27/07/2022,142.6912,142.5471,142.8353
26/07/2022,142.7032,142.5612,142.8453
25/07/2022,141.7359,141.5953,141.8765
22/07/2022,141.6103,141.4694,141.7512
21/07/2022,142.0706,141.9276,142.2135
20/07/2022,141.9135,141.7729,142.0541
19/07/2022,141.1629,141.0194,141.3065
18/07/2022,140.0476,139.9082,140.1871
15/07/2022,140.3121,140.1765,140.4476
14/07/2022,140.5479,140.4059,140.69
13/07/2022,140.6512,140.5094,140.7929
12/7/2022,141.5432,141.4029,141.6835
8/7/2022,141.3388,141.2024,141.4753
7/7/2022,141.2174,141.0771,141.3576
6/7/2022,141.8679,141.7294,142.0065
5/7/2022,143.0982,142.9535,143.2429
4/7/2022,142.6335,142.4906,142.7765
1/7/2022,143.0509,142.9059,143.1959
30/06/2022,143.7006,143.5582,143.8429
29/06/2022,144.3647,144.2182,144.5112
28/06/2022,144.3571,144.2135,144.5006
27/06/2022,144.3176,144.1735,144.4618
24/06/2022,143.9156,143.7724,144.0588
23/06/2022,143.9262,143.7841,144.0682
22/06/2022,144.22,144.0724,144.3676
21/06/2022,143.6832,143.54,143.8265
20/06/2022,143.815,143.6735,143.9565
17/06/2022,142.1753,142.0341,142.3165
16/06/2022,141.3891,141.2476,141.5306
15/06/2022,142.5818,142.4418,142.7218
14/06/2022,144.0906,143.9459,144.2353
13/06/2022,146.4394,146.29,146.5888
10/6/2022,146.9444,146.7988,147.09
9/6/2022,147.07,146.9241,147.2159
8/6/2022,146.5035,146.3576,146.6494
7/6/2022,146.9359,146.7859,147.0859
6/6/2022,146.9826,146.8324,147.1329
3/6/2022,146.9094,146.7624,147.0565
2/6/2022,147.2074,147.0582,147.3565
31/05/2022,147.4479,147.2988,147.5971
30/05/2022,147.4521,147.3035,147.6006
27/05/2022,147.1265,146.9824,147.2706
26/05/2022,146.2797,146.1294,146.43
25/05/2022,146.1568,146.0065,146.3071
24/05/2022,146.5468,146.4,146.6935
23/05/2022,145.6768,145.5306,145.8229
20/05/2022,145.1318,144.9847,145.2788
19/05/2022,144.9221,144.7776,145.0665
18/05/2022,144.7794,144.6359,144.9229
17/05/2022,142.9882,142.8429,143.1335
16/05/2022,142.6091,142.4629,142.7553
13/05/2022,142.965,142.8235,143.1065
12/5/2022,143.6565,143.5129,143.8
11/5/2022,143.7497,143.61,143.8894
10/5/2022,143.9041,143.7647,144.0435
9/5/2022,143.9691,143.8235,144.1147
6/5/2022,144.9232,144.7747,145.0718
5/5/2022,145.51,145.3641,145.6559
4/5/2022,145.3526,145.2088,145.4965
28/04/2022,146.0897,145.9429,146.2365
27/04/2022,147.34,147.19,147.49
26/04/2022,148.0594,147.9141,148.2047
25/04/2022,149.4556,149.3053,149.6059
22/04/2022,150.8865,150.7324,151.0406
21/04/2022,150.8771,150.7235,151.0306
20/04/2022,150.6156,150.4647,150.7665
19/04/2022,151.3844,151.2306,151.5382
14/04/2022,150.3085,150.1576,150.4594
13/04/2022,150.4412,150.2929,150.5894
12/4/2022,150.3391,150.1871,150.4912
11/4/2022,150.5041,150.3535,150.6547
8/4/2022,150.7871,150.6335,150.9406
7/4/2022,150.8544,150.7,151.0088
6/4/2022,151.155,151,151.31
5/4/2022,150.9524,150.8035,151.1012
4/4/2022,150.8935,150.7382,151.0488
1/4/2022,150.9494,150.7953,151.1035
31/03/2022,151.1268,150.9747,151.2788
30/03/2022,150.3429,150.1882,150.4976
29/03/2022,151.0572,150.9069,151.2075
28/03/2022,151.4079,151.2535,151.5624
25/03/2022,151.3032,151.1535,151.4529
24/03/2022,151.4982,151.3476,151.6488
23/03/2022,151.3297,151.1765,151.4829
22/03/2022,150.6421,150.4906,150.7935
21/03/2022,150.3156,150.1618,150.4694
18/03/2022,150.4456,150.2865,150.6047
17/03/2022,149.8271,149.6765,149.9776
16/03/2022,149.7074,149.5571,149.8576
15/03/2022,150.0415,149.8876,150.1953
14/03/2022,150.5582,150.4065,150.71
11/3/2022,150.4062,150.2559,150.5565
10/3/2022,150.0571,149.91,150.2041
9/3/2022,150.1944,150.0435,150.3453
8/3/2022,150.75,150.6,150.9
7/3/2022,151.8965,151.7353,152.0576
4/3/2022,152.4115,152.2553,152.5676
3/3/2022,152.2453,152.0894,152.4012
2/3/2022,152.8182,152.6641,152.9724
1/3/2022,152.7197,152.5671,152.8724
28/02/2022,152.6794,152.5265,152.8324
25/02/2022,152.8926,152.7353,153.05
24/02/2022,154.7103,154.5541,154.8665
23/02/2022,154.225,154.0682,154.3818
22/02/2022,154.4291,154.2718,154.5865
21/02/2022,154.3968,154.2412,154.5524
18/02/2022,154.3015,154.1459,154.4571
17/02/2022,153.8718,153.7176,154.0259
16/02/2022,153.8129,153.6588,153.9671
15/02/2022,153.6891,153.5335,153.8447
14/02/2022,153.8953,153.74,154.0506
11/2/2022,153.8541,153.7012,154.0071
10/2/2022,153.8906,153.7371,154.0441
9/2/2022,153.7871,153.6318,153.9424
8/2/2022,153.5612,153.4076,153.7147
7/2/2022,153.7853,153.6347,153.9359
4/2/2022,153.6479,153.4947,153.8012
3/2/2022,153.3412,153.1865,153.4959
2/2/2022,152.8794,152.7324,153.0265
1/2/2022,152.5824,152.4235,152.7412
31/01/2022,152.5526,152.3994,152.7059
28/01/2022,152.6029,152.4482,152.7576
27/01/2022,153.16,153.0082,153.3118
26/01/2022,153.0818,152.9206,153.2429
25/01/2022,153.535,153.3812,153.6888
24/01/2022,153.9971,153.8465,154.1476
21/01/2022,154.2982,154.1412,154.4553
20/01/2022,154.5668,154.4082,154.7253
19/01/2022,154.3244,154.16,154.4888
18/01/2022,154.6474,154.4859,154.8088
17/01/2022,155.0606,154.9047,155.2165
14/01/2022,155.1326,154.9788,155.2865
13/01/2022,154.2744,154.1218,154.4271
12/1/2022,153.8135,153.6659,153.9612
11/1/2022,153.6771,153.5235,153.8306
10/1/2022,153.2485,153.0947,153.4024
7/1/2022,153.1135,152.9618,153.2653
6/1/2022,152.9909,152.8359,153.1459
5/1/2022,152.5168,152.3665,152.6671
4/1/2022,152.4871,152.3376,152.6365
3/1/2022,152.3362,152.1853,152.4871
31/12/2021,152.0538,151.9024,152.2053
30/12/2021,151.7212,151.5682,151.8741
29/12/2021,151.6124,151.46,151.7647
28/12/2021,151.2512,151.0941,151.4082
24/12/2021,151.045,150.8953,151.1947
23/12/2021,150.2253,150.0776,150.3729
22/12/2021,149.8026,149.6541,149.9512
21/12/2021,149.6976,149.5488,149.8465
20/12/2021,150.3759,150.2276,150.5241
17/12/2021,150.4121,150.2647,150.5594
16/12/2021,149.5988,149.4524,149.7453
15/12/2021,149.3724,149.2259,149.5188
14/12/2021,149.1438,148.9988,149.2888
10/12/2021,149.0318,148.8788,149.1847
9/12/2021,149.1362,148.9865,149.2859
8/12/2021,149.5271,149.3765,149.6776
7/12/2021,149.5906,149.4418,149.7394
6/12/2021,149.665,149.5141,149.8159
3/12/2021,149.9059,149.7506,150.0612
2/12/2021,149.9885,149.8371,150.14
1/12/2021,150.0506,149.8982,150.2029
30/11/2021,150.1056,149.95,150.2612
29/11/2021,149.8982,149.7482,150.0482
26/11/2021,149.9706,149.8188,150.1224
25/11/2021,150.4156,150.2647,150.5665
24/11/2021,150.4159,150.2671,150.5647
23/11/2021,151.0024,150.8565,151.1482
22/11/2021,150.9976,150.8494,151.1459
19/11/2021,151.2888,151.1406,151.4371
18/11/2021,150.8,150.6512,150.9488
17/11/2021,150.5712,150.4235,150.7188
16/11/2021,150.2912,150.1424,150.44
15/11/2021,149.8668,149.7194,150.0141
12/11/2021,150.1438,149.9941,150.2935
11/11/2021,151.1271,150.9747,151.2794
10/11/2021,151.3641,151.2124,151.5159
9/11/2021,150.7091,150.5641,150.8541
8/11/2021,150.8106,150.6576,150.9635
5/11/2021,151.8309,151.6771,151.9847
4/11/2021,152.0344,151.8776,152.1912
3/11/2021,152.0574,151.9024,152.2124
2/11/2021,152.3838,152.23,152.5376
1/11/2021,153.3209,153.1665,153.4753
29/10/2021,152.9632,152.81,153.1165
28/10/2021,152.9006,152.7506,153.0506
27/10/2021,153.2806,153.1271,153.4341
26/10/2021,152.9644,152.8112,153.1176
25/10/2021,153.2215,153.0676,153.3753
22/10/2021,153.3191,153.1676,153.4706
21/10/2021,153.3947,153.2412,153.5482
19/10/2021,152.2029,152.0488,152.3571
18/10/2021,152.0597,151.9041,152.2153
15/10/2021,151.8897,151.7365,152.0429
14/10/2021,150.83,150.6765,150.9835
13/10/2021,150.6926,150.5424,150.8429
12/10/2021,150.6429,150.4882,150.7976
8/10/2021,150.4606,150.3071,150.6141
7/10/2021,150.1988,150.0512,150.3465
6/10/2021,150.5476,150.3947,150.7006
5/10/2021,150.0129,149.8606,150.1653
4/10/2021,149.4488,149.2976,149.6
1/10/2021,148.9332,148.7812,149.0853
30/09/2021,149.6441,149.4906,149.7976
29/09/2021,150.5838,150.4294,150.7382
28/09/2021,151.1388,150.9876,151.29
27/09/2021,151.1721,151.0165,151.3276
24/09/2021,151.0376,150.8829,151.1924
23/09/2021,150.6809,150.53,150.8318
22/09/2021,150.8635,150.7112,151.0159
21/09/2021,151.1159,150.9618,151.27
20/09/2021,151.9518,151.8,152.1035
17/09/2021,152.2679,152.1165,152.4194
16/09/2021,152.1944,152.0371,152.3518
15/09/2021,152.3662,152.2118,152.5206
14/09/2021,151.8226,151.6706,151.9747
13/09/2021,152.1909,152.0388,152.3429
10/9/2021,151.8174,151.6624,151.9724
9/9/2021,151.6762,151.5206,151.8318
8/9/2021,151.7671,151.6129,151.9212
7/9/2021,152.27,152.1188,152.4212
6/9/2021,152.1194,151.9659,152.2729
3/9/2021,151.6062,151.45,151.7624
2/9/2021,151.4188,151.2647,151.5729
1/9/2021,151.5071,151.3571,151.6571
31/08/2021,151.1344,150.9829,151.2859
30/08/2021,150.6218,150.4706,150.7729
27/08/2021,150.7512,150.5994,150.9029
26/08/2021,150.4632,150.3112,150.6153
25/08/2021,150.3574,150.2112,150.5035
24/08/2021,149.9109,149.7641,150.0576
23/08/2021,149.2309,149.08,149.3818
20/08/2021,150.0015,149.8453,150.1576
19/08/2021,150.6941,150.5394,150.8488
18/08/2021,150.9315,150.7788,151.0841
17/08/2021,151.5621,151.4076,151.7165
16/08/2021,151.0238,150.8694,151.1782
13/08/2021,151.2518,151.0988,151.4047
12/8/2021,151.1394,150.9835,151.2953
11/8/2021,151.0909,150.9406,151.2412
10/8/2021,151.0715,150.9194,151.2235
9/8/2021,151.345,151.1929,151.4971
6/8/2021,151.3724,151.2159,151.5288
5/8/2021,151.2776,151.1224,151.4329
4/8/2021,151.0912,150.9347,151.2476
3/8/2021,151.1506,150.9912,151.31
2/8/2021,151.6091,151.4529,151.7653
30/07/2021,151.1982,151.0429,151.3535
29/07/2021,150.6288,150.4747,150.7829
28/07/2021,149.745,149.5929,149.8971
27/07/2021,149.5206,149.3647,149.6765
26/07/2021,148.9203,148.7641,149.0765
23/07/2021,148.7747,148.6194,148.93
22/07/2021,148.1356,147.9835,148.2876
21/07/2021,148.81,148.6553,148.9647
19/07/2021,149.6112,149.4576,149.7647
16/07/2021,149.8421,149.6865,149.9976
15/07/2021,149.8321,149.6788,149.9853
14/07/2021,149.5341,149.3818,149.6865
13/07/2021,149.4771,149.3194,149.6347
12/7/2021,149.1744,149.0171,149.3318
9/7/2021,148.7665,148.6106,148.9224
8/7/2021,149.0341,148.8759,149.1924
7/7/2021,149.5479,149.3912,149.7047
6/7/2021,149.2615,149.1094,149.4135
5/7/2021,148.6344,148.4818,148.7871
2/7/2021,149.0624,148.9082,149.2165
1/7/2021,149.3088,149.1547,149.4629
30/06/2021,149.2029,149.0488,149.3571
29/06/2021,149.9185,149.7647,150.0724
28/06/2021,150.0071,149.8565,150.1576
25/06/2021,150.1394,149.9841,150.2947
24/06/2021,150.7074,150.5565,150.8582
23/06/2021,149.7756,149.6241,149.9271
22/06/2021,149.7256,149.5682,149.8829
21/06/2021,149.9062,149.7524,150.06
18/06/2021,151.2641,151.1118,151.4165
17/06/2021,152.1418,151.9859,152.2976
16/06/2021,151.7326,151.5782,151.8871
15/06/2021,152.13,151.9741,152.2859
14/06/2021,152.535,152.3788,152.6912
11/6/2021,152.2524,152.0994,152.4053
10/6/2021,152.7259,152.5676,152.8841
9/6/2021,152.6885,152.5294,152.8476
8/6/2021,152.8376,152.6806,152.9947
7/6/2021,152.6656,152.5094,152.8218
4/6/2021,152.9326,152.7765,153.0888
3/6/2021,152.4047,152.2488,152.5606
2/6/2021,152.7215,152.5712,152.8718
31/05/2021,152.3244,152.1641,152.4847
28/05/2021,152.2997,152.1424,152.4571
27/05/2021,152.1376,151.9818,152.2935
26/05/2021,152.5926,152.4359,152.7494
25/05/2021,152.625,152.4694,152.7806
24/05/2021,153.6226,153.4647,153.7806
21/05/2021,152.9074,152.7535,153.0612
20/05/2021,152.7032,152.5412,152.8653
19/05/2021,152.6259,152.4682,152.7835
18/05/2021,151.2806,151.1241,151.4371
17/05/2021,150.4406,150.2841,150.5971
13/05/2021,151.2103,151.0518,151.3688
12/5/2021,150.9109,150.7547,151.0671
11/5/2021,150.3194,150.1635,150.4753
10/5/2021,148.4338,148.2794,148.5882
7/5/2021,147.6709,147.52,147.8218
6/5/2021,148.8344,148.6806,148.9882
5/5/2021,148.9318,148.7782,149.0853
4/5/2021,149.3815,149.2276,149.5353
3/5/2021,149.9076,149.7565,150.0588
30/04/2021,150.2724,150.1165,150.4282
29/04/2021,149.7256,149.57,149.8812
28/04/2021,149.8835,149.7294,150.0376
27/04/2021,150.1397,149.9841,150.2953
26/04/2021,150.5344,150.3818,150.6871
23/04/2021,150.6824,150.5312,150.8335
22/04/2021,150.7471,150.5935,150.9006
21/04/2021,150.9038,150.75,151.0576
20/04/2021,150.0709,149.9124,150.2294
19/04/2021,148.0182,147.8671,148.1694
16/04/2021,147.6818,147.5276,147.8359
15/04/2021,147.1026,146.9524,147.2529
14/04/2021,146.8641,146.7118,147.0165
13/04/2021,147.3482,147.1971,147.4994
12/4/2021,147.2344,147.0794,147.3894
9/4/2021,148.4721,148.32,148.6241
8/4/2021,149.14,148.9882,149.2918
7/4/2021,150.2585,150.1041,150.4129
6/4/2021,150.1647,150.0118,150.3176
1/4/2021,150.6715,150.5194,150.8235
31/03/2021,150.6859,150.5353,150.8365
30/03/2021,151.5456,151.3924,151.6988
29/03/2021,151.0079,150.8541,151.1618
26/03/2021,150.45,150.2965,150.6035
25/03/2021,150.9453,150.7924,151.0982
24/03/2021,151.8612,151.7094,152.0129
23/03/2021,152.4394,152.2859,152.5929
22/03/2021,152.6353,152.4812,152.7894
19/03/2021,153.1671,153.0112,153.3229
18/03/2021,152.6576,152.5029,152.8124
17/03/2021,151.9391,151.7835,152.0947
16/03/2021,152.7074,152.5547,152.86
15/03/2021,152.6676,152.5141,152.8212
12/3/2021,152.6291,152.4759,152.7824
11/3/2021,152.1768,152.0218,152.3318
10/3/2021,152.1291,151.9735,152.2847
9/3/2021,151.8668,151.7118,152.0218
8/3/2021,151.9174,151.7606,152.0741
5/3/2021,152.9971,152.8429,153.1512
4/3/2021,153.1271,152.9706,153.2835
3/3/2021,152.7524,152.5982,152.9065
2/3/2021,153.1579,153.0106,153.3053
1/3/2021,153.4774,153.3159,153.6388
26/02/2021,154.8356,154.68,154.9912
25/02/2021,155.22,155.0635,155.3765
24/02/2021,154.3982,154.2412,154.5553
23/02/2021,153.6456,153.4947,153.7965
22/02/2021,153.4524,153.2982,153.6065
19/02/2021,152.6632,152.5088,152.8176
18/02/2021,151.8674,151.7129,152.0218
17/02/2021,152.1432,151.9871,152.2994
16/02/2021,151.9403,151.7853,152.0953
15/02/2021,151.1591,151.0076,151.3106
12/2/2021,151.4441,151.2912,151.5971
11/2/2021,150.3426,150.1888,150.4965
10/2/2021,150.8656,150.7141,151.0171
9/2/2021,150.2779,150.1247,150.4312
8/2/2021,150.1268,149.9759,150.2776
5/2/2021,149.7432,149.5912,149.8953
4/2/2021,149.8768,149.7259,150.0276
3/2/2021,150.2494,150.0965,150.4024
2/2/2021,150.8779,150.7224,151.0335
1/2/2021,150.8768,150.7218,151.0318
29/01/2021,150.5468,150.3935,150.7
28/01/2021,150.9574,150.8029,151.1118
27/01/2021,150.6179,150.4647,150.7712
26/01/2021,150.7088,150.5576,150.86
25/01/2021,150.235,150.0847,150.3853
22/01/2021,150.6382,150.4888,150.7876
21/01/2021,150.6147,150.4618,150.7676
20/01/2021,150.0262,149.8835,150.1688
19/01/2021,149.2229,149.0741,149.3718
18/01/2021,150.1094,149.9535,150.2653
15/01/2021,150.1832,150.0288,150.3376
14/01/2021,150.3503,150.1947,150.5059
13/01/2021,149.1085,148.9547,149.2624
12/1/2021,148.1059,147.9476,148.2641
11/1/2021,148.7938,148.6382,148.9494
8/1/2021,148.8885,148.7318,149.0453
7/1/2021,149.0074,148.8535,149.1612
6/1/2021,148.6091,148.4576,148.7606
5/1/2021,149.15,149.0006,149.2994
4/1/2021,149.0659,148.9159,149.2159
31/12/2020,148.357,148.2054,148.5085
30/12/2020,147.2126,147.0629,147.3624
29/12/2020,146.8238,146.6759,146.9718
28/12/2020,147.625,147.4741,147.7759
24/12/2020,146.1062,145.9559,146.2565
23/12/2020,146.9141,146.7635,147.0647
22/12/2020,147.4941,147.3412,147.6471
21/12/2020,150.7206,150.5706,150.8706
18/12/2020,151.7106,151.5576,151.8635
17/12/2020,150.7518,150.5982,150.9053
16/12/2020,149.1391,148.99,149.2882
15/12/2020,149.7853,149.6324,149.9382
14/12/2020,147.2235,147.0735,147.3735
11/12/2020,148.2362,148.0912,148.3812
10/12/2020,149.9371,149.7853,150.0888
9/12/2020,148.8782,148.7253,149.0312
8/12/2020,148.1979,148.0447,148.3512
7/12/2020,149.7868,149.63,149.9435
4/12/2020,148.7424,148.5888,148.8959
3/12/2020,147.8018,147.6512,147.9524
2/12/2020,146.9094,146.7565,147.0624
1/12/2020,146.8618,146.7112,147.0124
30/11/2020,146.7241,146.5741,146.8741
27/11/2020,146.7744,146.6271,146.9218
26/11/2020,146.5291,146.3782,146.68
25/11/2020,146.2806,146.13,146.4312
24/11/2020,146.5826,146.4312,146.7341
23/11/2020,145.355,145.2041,145.5059
20/11/2020,144.8474,144.6982,144.9965
19/11/2020,145.0541,144.9024,145.2059
18/11/2020,144.6788,144.5288,144.8288
17/11/2020,144.1744,144.0259,144.3229
16/11/2020,143.7244,143.5771,143.8718
13/11/2020,143.5912,143.4441,143.7382
12/11/2020,144.6374,144.4859,144.7888
11/11/2020,144.4568,144.3041,144.6094
10/11/2020,143.37,143.2218,143.5182
9/11/2020,142.8565,142.7076,143.0053
6/11/2020,142.4056,142.2576,142.5535
5/11/2020,141.5612,141.4118,141.7106
4/11/2020,141.3897,141.2424,141.5371
3/11/2020,140.7709,140.6218,140.92
2/11/2020,141.0112,140.8641,141.1582
30/10/2020,141.1638,141.0171,141.3106
29/10/2020,141.0576,140.9076,141.2076
28/10/2020,141.91,141.7653,142.0547
27/10/2020,141.7647,141.6129,141.9165
26/10/2020,142.1418,141.9929,142.2906
23/10/2020,142.3009,142.1553,142.4465
22/10/2020,141.9376,141.7918,142.0835
21/10/2020,141.2724,141.1253,141.4194
19/10/2020,140.3059,140.1624,140.4494
16/10/2020,140.6221,140.4712,140.7729
15/10/2020,141.2921,141.1453,141.4388
14/10/2020,141.1847,141.0365,141.3329
13/10/2020,141.5091,141.3676,141.6506
12/10/2020,140.3521,140.2082,140.4959
9/10/2020,140.0894,139.9429,140.2359
8/10/2020,139.9879,139.84,140.1359
7/10/2020,140.5318,140.3829,140.6806
6/10/2020,140.4853,140.3382,140.6324
5/10/2020,140.3291,140.1794,140.4788
2/10/2020,140.2459,140.0988,140.3929
1/10/2020,139.3074,139.1606,139.4541
30/09/2020,139.5138,139.3624,139.6653
29/09/2020,139.6179,139.4682,139.7676
28/09/2020,138.3229,138.1747,138.4712
25/09/2020,138.3824,138.2459,138.5188
24/09/2020,137.9547,137.8106,138.0988
23/09/2020,139.1532,139.0041,139.3024
22/09/2020,139.3747,139.2229,139.5265
21/09/2020,140.44,140.29,140.59
18/09/2020,139.7582,139.6094,139.9071
17/09/2020,140.5494,140.4012,140.6976
16/09/2020,140.3215,140.1718,140.4712
15/09/2020,139.4785,139.3324,139.6247
14/09/2020,139.0579,138.91,139.2059
11/9/2020,140.7029,140.5541,140.8518
10/9/2020,140.3356,140.1871,140.4841
9/9/2020,141.9341,141.7824,142.0859
8/9/2020,142.8015,142.6518,142.9512
7/9/2020,143.9765,143.8235,144.1294
4/9/2020,143.7732,143.6218,143.9247
3/9/2020,144.62,144.4653,144.7747
2/9/2020,145.8438,145.6959,145.9918
1/9/2020,143.7585,143.6088,143.9082
31/08/2020,143.4982,143.3488,143.6476
28/08/2020,142.8294,142.6782,142.9806
27/08/2020,142.1985,142.05,142.3471
26/08/2020,142.0174,141.8688,142.1659
25/08/2020,141.7709,141.6212,141.9206
24/08/2020,141.7571,141.6076,141.9065
21/08/2020,141.8818,141.73,142.0335
20/08/2020,143.4744,143.3276,143.6212
19/08/2020,143.2359,143.0906,143.3812
18/08/2020,141.8279,141.68,141.9759
17/08/2020,141.97,141.8224,142.1176
14/08/2020,141.7353,141.5882,141.8824
13/08/2020,141.24,141.0912,141.3888
12/8/2020,141.9809,141.83,142.1318
11/8/2020,141.2512,141.1035,141.3988
10/8/2020,141.3259,141.1794,141.4724
7/8/2020,142.1035,141.9559,142.2512
6/8/2020,141.7159,141.5653,141.8665
5/8/2020,140.5203,140.3718,140.6688
4/8/2020,140.4224,140.2759,140.5688
3/8/2020,140.1615,140.0135,140.3094
30/07/2020,139.6253,139.4776,139.7729
29/07/2020,138.6679,138.5218,138.8141
28/07/2020,138.5803,138.4318,138.7288
27/07/2020,137.4712,137.3259,137.6165
24/07/2020,137.4215,137.2776,137.5653
23/07/2020,137.4788,137.3365,137.6212
22/07/2020,136.9509,136.8012,137.1006
21/07/2020,135.9012,135.7612,136.0412
20/07/2020,134.5568,134.4176,134.6959
17/07/2020,134.9209,134.7776,135.0641
16/07/2020,135.0097,134.8706,135.1488
15/07/2020,134.3471,134.2053,134.4888
14/07/2020,135.1476,135.0035,135.2918
13/07/2020,135.0732,134.9276,135.2188
10/7/2020,135.2103,135.0671,135.3535
9/7/2020,134.1871,134.0429,134.3312
8/7/2020,133.5115,133.3694,133.6535
7/7/2020,133.2712,133.1288,133.4135
6/7/2020,132.8088,132.6641,132.9535
3/7/2020,133.3144,133.1682,133.4606
2/7/2020,132.0062,131.8653,132.1471
1/7/2020,131.1782,131.0376,131.3188
30/06/2020,131.1706,131.0324,131.3088
29/06/2020,131.8044,131.6618,131.9471
26/06/2020,132.565,132.4241,132.7059
25/06/2020,132.8494,132.7082,132.9906
24/06/2020,132.7829,132.6429,132.9229
23/06/2020,132.2053,132.0624,132.3482
22/06/2020,131.6341,131.49,131.7782
19/06/2020,132.7603,132.6159,132.9047
18/06/2020,133.4697,133.3235,133.6159
17/06/2020,134.6179,134.4812,134.7547
16/06/2020,133.5435,133.3994,133.6876
15/06/2020,134.4394,134.2976,134.5812
12/6/2020,134.9171,134.7706,135.0635
11/6/2020,136.3197,136.1753,136.4641
10/6/2020,134.6794,134.5335,134.8253
9/6/2020,134.6953,134.5506,134.84
8/6/2020,134.5465,134.4035,134.6894
5/6/2020,132.9618,132.8218,133.1018
4/6/2020,133.4874,133.3382,133.6365
3/6/2020,133.5076,133.3624,133.6529
2/6/2020,131.9976,131.8571,132.1382
29/05/2020,131.1438,131,131.2876
28/05/2020,131.8571,131.7159,131.9982
27/05/2020,131.6135,131.4647,131.7624
26/05/2020,130.3782,130.2329,130.5235
22/05/2020,130.7971,130.6553,130.9388
21/05/2020,131.0956,130.9518,131.2394
20/05/2020,130.7753,130.6318,130.9188
19/05/2020,129.9703,129.8218,130.1188
18/05/2020,130.3538,130.2094,130.4982
15/05/2020,130.3235,130.1859,130.4612
14/05/2020,131.4182,131.2776,131.5588
13/05/2020,131.6353,131.4924,131.7782
12/5/2020,130.8726,130.7271,131.0182
11/5/2020,131.2644,131.1241,131.4047
8/5/2020,130.5821,130.4429,130.7212
7/5/2020,131.2959,131.1506,131.4412
6/5/2020,132.4326,132.2912,132.5741
5/5/2020,132.7226,132.5753,132.87
4/5/2020,133.9747,133.8318,134.1176
30/04/2020,133.0885,132.9494,133.2276
29/04/2020,133.9788,133.8335,134.1241
28/04/2020,133.2388,133.1035,133.3741
27/04/2020,132.0974,131.9518,132.2429
24/04/2020,132.4547,132.3135,132.5959
23/04/2020,132.4224,132.2829,132.5618
22/04/2020,131.5962,131.4594,131.7329
21/04/2020,133.0094,132.8635,133.1553
20/04/2020,132.9618,132.8224,133.1012
17/04/2020,132.4941,132.3488,132.6394
16/04/2020,132.055,131.9171,132.1929
15/04/2020,133.0856,132.9369,133.2344
14/04/2020,131.5444,131.4024,131.6865
9/4/2020,131.04,130.8988,131.1812
8/4/2020,131.46,131.3159,131.6041
7/4/2020,130.4447,130.2988,130.5906
6/4/2020,129.8194,129.6794,129.9594
3/4/2020,131.2306,131.0865,131.3747
2/4/2020,130.5315,130.3894,130.6735
1/4/2020,129.7535,129.61,129.8971
31/03/2020,129.8729,129.7294,130.0165
30/03/2020,127.695,127.5441,127.8459
27/03/2020,125.9556,125.81,126.1012
26/03/2020,125.5421,125.3912,125.6929
25/03/2020,125.3638,125.2229,125.5047
24/03/2020,123.8462,123.7024,123.99
23/03/2020,124.9979,124.86,125.1359
20/03/2020,122.0418,121.9047,122.1788
19/03/2020,122.9991,122.8565,123.1418
18/03/2020,125.5538,125.4147,125.6929
17/03/2020,126.6029,126.4635,126.7424
16/03/2020,128.4491,128.31,128.5882
13/03/2020,129.6476,129.5029,129.7924
12/3/2020,132.7244,132.5759,132.8729
11/3/2020,133.7529,133.6065,133.8994
10/3/2020,134.4926,134.3394,134.6459
9/3/2020,133.4788,133.3312,133.6265
6/3/2020,132.4474,132.3029,132.5918
5/3/2020,131.875,131.7294,132.0206
4/3/2020,130.7918,130.6476,130.9359
3/3/2020,129.5688,129.4206,129.7171
2/3/2020,130.155,130.01,130.3
28/02/2020,130.1132,129.9671,130.2594
27/02/2020,130.5321,130.3865,130.6776
26/02/2020,131.1882,131.0435,131.3329
25/02/2020,130.5915,130.4435,130.7394
24/02/2020,130.8259,130.6782,130.9735
21/02/2020,130.3853,130.2382,130.5324
20/02/2020,131.4485,131.3041,131.5929
19/02/2020,131.7156,131.5694,131.8618
18/02/2020,131.1812,131.0376,131.3247
17/02/2020,130.9,130.7582,131.0418
14/02/2020,131.0362,130.8894,131.1829
13/02/2020,130.5671,130.4259,130.7082
12/2/2020,130.1809,130.0371,130.3247
10/2/2020,130.1541,130.0053,130.3029
7/2/2020,130.1315,129.9818,130.2812
6/2/2020,130.9885,130.8394,131.1376
5/2/2020,130.8174,130.6676,130.9671
4/2/2020,131.1679,131.0218,131.3141
3/2/2020,131.8724,131.7253,132.0194
31/01/2020,131.6888,131.5382,131.8394
30/01/2020,130.9476,130.8006,131.0947
29/01/2020,131.2606,131.1129,131.4082
28/01/2020,131.8588,131.7135,132.0041
27/01/2020,132.0571,131.9094,132.2047
27/01/2020,132.0571,131.9094,132.2047
24/01/2020,132.3906,132.2424,132.5388
23/01/2020,132.3712,132.2194,132.5229
22/01/2020,132.0244,131.8818,132.1671
21/01/2020,131.4374,131.2894,131.5853
20/01/2020,131.7556,131.6053,131.9059
17/01/2020,131.8788,131.7276,132.03
16/01/2020,131.8447,131.6994,131.99
15/01/2020,131.6138,131.4653,131.7624
14/01/2020,131.8088,131.6576,131.96
13/01/2020,132.6162,132.4718,132.7606
10/1/2020,132.5247,132.3759,132.6735
9/1/2020,132.9812,132.8294,133.1329
8/1/2020,132.8526,132.7,133.0053
7/1/2020,132.8038,132.6547,132.9529
6/1/2020,132.1965,132.0441,132.3488
3/1/2020,133.1229,132.9741,133.2718
2/1/2020,133.3112,133.1629,133.4594
